StationCode,WBID,Waterbody
113GAR042,CAB1100000020020108173626,"Eureka Plain HU, Humboldt Bay"
114PL8130,CAB3041205320080617164340,Santa Cruz Harbor
SMC08766_SGRRMP,CAB2031201019981217171707,"San Francisco Bay, Central"
SMC07126,CAB2031201019981217171707,"San Francisco Bay, Central"
403S16493,CAB3041205320080617164340,Santa Cruz Harbor
SM_Broadway_Stanford,CAB2042004020020930194957,"San Leandro Bay (part of SF Bay, Lower)"
723STLD12,CAB2071002020011017135055,Suisun Bay
801S07485,CAB2061001019980928100945,San Pablo Bay
CDR3_I,CAB2071002020011017135055,Suisun Bay
114RR1310,CAB1152200020020108171136,"Bodega HU, Bodega Harbor HA"
723NROTWM,CAB3041205320080617164340,Santa Cruz Harbor
723STLD17,CAB2031201019981217171707,"San Francisco Bay, Central"
SGUT503_SGRRMP,CAB2011403319980929125721,Tomales Bay
519BCARCx,CAB2011403319980929125721,Tomales Bay
719BMCPRE,CAB1100000020020108173626,"Eureka Plain HU, Humboldt Bay"
SDB_Paradise,CAB2011403319980929125721,Tomales Bay
315ATU,CAB2031201019981217171707,"San Francisco Bay, Central"
901S11685,CAB2071002020011017135055,Suisun Bay
404S11880,CAB2031201019981217171707,"San Francisco Bay, Central"
723SCNTDR,CAB1100000020020108173626,"Eureka Plain HU, Humboldt Bay"
309DSA,CAB1100000020020108173626,"Eureka Plain HU, Humboldt Bay"
114DC0037,CAB2011403319980929125721,Tomales Bay
558SJRSP2,CAB2051000019980916164839,"San Francisco Bay, South"
558WWDAPE,CAB2042004020020930194957,"San Leandro Bay (part of SF Bay, Lower)"
404S23297,CAB2071002020011017135055,Suisun Bay
Imperial 71,CAB2071002020011017135055,Suisun Bay
114MW6173,CAB2041001019980925131322,"San Francisco Bay, Lower"
IB-RW-13,CAB2011403319980929125721,Tomales Bay
ASBS-REF_SquashanCreek,CAB2061001019980928100945,San Pablo Bay
403S04868,CAB1152200020020108171136,"Bodega HU, Bodega Harbor HA"
SMC00857,CAB2071002020011017135055,Suisun Bay
545XCCART,CAB1100000020020108173626,"Eureka Plain HU, Humboldt Bay"
723ARDP3A,CAB1100000020020108173626,"Eureka Plain HU, Humboldt Bay"
723STKDRN,CAB2051000019980916164839,"San Francisco Bay, South"
201LAG220,CAB2051000019980916164839,"San Francisco Bay, South"
Santa Clara 27,CAB2031201019981217171707,"San Francisco Bay, Central"
801S05127,CAB1100000020020108173626,"Eureka Plain HU, Humboldt Bay"
103SF0039,CAB2051000019980916164839,"San Francisco Bay, South"
310SLB,CAB2071002020011017135055,Suisun Bay
723ARCDRN,CAB1100000020020108173626,"Eureka Plain HU, Humboldt Bay"
535XRCARD,CAB2011403319980929125721,Tomales Bay
SMC26694,CAB1152200020020108171136,"Bodega HU, Bodega Harbor HA"
404BA0808,CAB2061001019980928100945,San Pablo Bay
521BUT202,CAB2042004020020930194957,"San Leandro Bay (part of SF Bay, Lower)"
SMC03390,CAB2041001019980925131322,"San Francisco Bay, Lower"
518BUT210,CAB2041001019980925131322,"San Francisco Bay, Lower"
802RCF841,CAB2051000019980916164839,"San Francisco Bay, South"
404S17016,CAB2011403319980929125721,Tomales Bay
801M15366,CAB2051000019980916164839,"San Francisco Bay, South"
504XSTYHY,CAB2051000019980916164839,"San Francisco Bay, South"
519SAC123,CAB1152200020020108171136,"Bodega HU, Bodega Harbor HA"
405M10600_SGRRMP,CAB1100000020020108173626,"Eureka Plain HU, Humboldt Bay"
532ELD032,CAB1152200020020108171136,"Bodega HU, Bodega Harbor HA"
314SYP,CAB2051000019980916164839,"San Francisco Bay, South"
309U19,CAB2051000019980916164839,"San Francisco Bay, South"
SMC00665,CAB2031201019981217171707,"San Francisco Bay, Central"
110JA2619,CAB1152200020020108171136,"Bodega HU, Bodega Harbor HA"
403S01536,CAB3041205320080617164340,Santa Cruz Harbor
404S13672,CAB1152200020020108171136,"Bodega HU, Bodega Harbor HA"
KBC100,CAB2071002020011017135055,Suisun Bay
408BA0660,CAB2041001019980925131322,"San Francisco Bay, Lower"
404S33670,CAB1152200020020108171136,"Bodega HU, Bodega Harbor HA"
802S33561,CAB2051000019980916164839,"San Francisco Bay, South"
802S33361,CAB2031201019981217171707,"San Francisco Bay, Central"
113GU4637,CAB2011403319980929125721,Tomales Bay
315RIN,CAB2051000019980916164839,"San Francisco Bay, South"
403BA0064,CAB2011403319980929125721,Tomales Bay
12-351,CAB1152200020020108171136,"Bodega HU, Bodega Harbor HA"
304GAZ,CAB2031201019981217171707,"San Francisco Bay, Central"
403WE1021,CAB2051000019980916164839,"San Francisco Bay, South"
5-305,CAB2011403319980929125721,Tomales Bay
S03T_TIMB,CAB2061001019980928100945,San Pablo Bay
521BUT205,CAB2011403319980929125721,Tomales Bay
309SLRC66,CAB2031201019981217171707,"San Francisco Bay, Central"
723IPNR45,CAB2061001019980928100945,San Pablo Bay
114SR3320,CAB1100000020020108173626,"Eureka Plain HU, Humboldt Bay"
113NF0828,CAB2071002020011017135055,Suisun Bay
309DAV,CAB2041001019980925131322,"San Francisco Bay, Lower"
312MSS,CAB2042004020020930194957,"San Leandro Bay (part of SF Bay, Lower)"
201LAG241,CAB2041001019980925131322,"San Francisco Bay, Lower"
404S44532,CAB1100000020020108173626,"Eureka Plain HU, Humboldt Bay"
103TL2903,CAB2031201019981217171707,"San Francisco Bay, Central"
535XMRAOR,CAB2031201019981217171707,"San Francisco Bay, Central"
303BIG030-REF,CAB2041001019980925131322,"San Francisco Bay, Lower"
CS-RW-01,CAB2011403319980929125721,Tomales Bay
532ELD042,CAB2042004020020930194957,"San Leandro Bay (part of SF Bay, Lower)"
404S34230,CAB2031201019981217171707,"San Francisco Bay, Central"
205STE025,CAB2031201019981217171707,"San Francisco Bay, Central"
312TEP,CAB3041205320080617164340,Santa Cruz Harbor
205SAN030-REC,CAB2031201019981217171707,"San Francisco Bay, Central"
113GAR030,CAB2061001019980928100945,San Pablo Bay
SMC03401,CAB2042004020020930194957,"San Leandro Bay (part of SF Bay, Lower)"
Outfall 85,CAB3041205320080617164340,Santa Cruz Harbor
907S05514,CAB3041205320080617164340,Santa Cruz Harbor
723BRWLSB,CAB2031201019981217171707,"San Francisco Bay, Central"
CB-RW-11,CAB1100000020020108173626,"Eureka Plain HU, Humboldt Bay"
723PAM115,CAB1100000020020108173626,"Eureka Plain HU, Humboldt Bay"
NL,CAB2031201019981217171707,"San Francisco Bay, Central"
308BGC,CAB1100000020020108173626,"Eureka Plain HU, Humboldt Bay"
SGLT506,CAB2041001019980925131322,"San Francisco Bay, Lower"
SMC14218,CAB2042004020020930194957,"San Leandro Bay (part of SF Bay, Lower)"
901S12942,CAB2061001019980928100945,San Pablo Bay
535XMCARR,CAB2031201019981217171707,"San Francisco Bay, Central"
310ARG,CAB2061001019980928100945,San Pablo Bay
312OFC,CAB2051000019980916164839,"San Francisco Bay, South"
519NBCWxx,CAB1100000020020108173626,"Eureka Plain HU, Humboldt Bay"
304BH9,CAB2051000019980916164839,"San Francisco Bay, South"
SMC12246,CAB2011403319980929125721,Tomales Bay
723IMWLC4,CAB2031201019981217171707,"San Francisco Bay, Central"
801S19399,CAB1100000020020108173626,"Eureka Plain HU, Humboldt Bay"
404S18666,CAB2031201019981217171707,"San Francisco Bay, Central"
521BUT209,CAB3041205320080617164340,Santa Cruz Harbor
Discovery,CAB2031201019981217171707,"San Francisco Bay, Central"
LPC-MLS,CAB2031201019981217171707,"San Francisco Bay, Central"
801HBC050,CAB2051000019980916164839,"San Francisco Bay, South"
404SUP093,CAB3041205320080617164340,Santa Cruz Harbor
723STUD05,CAB2051000019980916164839,"San Francisco Bay, South"
514XCOONH,CAB3041205320080617164340,Santa Cruz Harbor
IB-RW-12,CAB2051000019980916164839,"San Francisco Bay, South"
306-CORNC-31,CAB1100000020020108173626,"Eureka Plain HU, Humboldt Bay"
BC10,CAB2051000019980916164839,"San Francisco Bay, South"
114BS0310,CAB2042004020020930194957,"San Leandro Bay (part of SF Bay, Lower)"
801M15378,CAB2041001019980925131322,"San Francisco Bay, Lower"
SMC10198,CAB2031201019981217171707,"San Francisco Bay, Central"
801LYC062,CAB2011403319980929125721,Tomales Bay
SMC09162,CAB3041205320080617164340,Santa Cruz Harbor
551WWDAPM,CAB2011403319980929125721,Tomales Bay
312SBC,CAB2031201019981217171707,"San Francisco Bay, Central"
SMC04441,CAB1100000020020108173626,"Eureka Plain HU, Humboldt Bay"
520COL002,CAB3041205320080617164340,Santa Cruz Harbor
312OFL,CAB2061001019980928100945,San Pablo Bay
IB-RW-15,CAB2011403319980929125721,Tomales Bay
309ALG,CAB2061001019980928100945,San Pablo Bay
106SF3551,CAB2042004020020930194957,"San Leandro Bay (part of SF Bay, Lower)"
312ORS,CAB2051000019980916164839,"San Francisco Bay, South"
519SAC116,CAB2061001019980928100945,San Pablo Bay
204AMO140,CAB1100000020020108173626,"Eureka Plain HU, Humboldt Bay"
SMC00544,CAB2031201019981217171707,"San Francisco Bay, Central"
203LOB010-REF,CAB2011403319980929125721,Tomales Bay
801S06679,CAB2071002020011017135055,Suisun Bay
801M15377,CAB3041205320080617164340,Santa Cruz Harbor
723ARNDRN,CAB2061001019980928100945,San Pablo Bay
SDC-TWAS-1,CAB3041205320080617164340,Santa Cruz Harbor
723CNTDRN,CAB1152200020020108171136,"Bodega HU, Bodega Harbor HA"
801PFB019,CAB2051000019980916164839,"San Francisco Bay, South"
520BUT208,CAB2031201019981217171707,"San Francisco Bay, Central"
305PAJ,CAB2051000019980916164839,"San Francisco Bay, South"
723NETDRN,CAB1100000020020108173626,"Eureka Plain HU, Humboldt Bay"
309RTA,CAB2061001019980928100945,San Pablo Bay
SMC17918,CAB2071002020011017135055,Suisun Bay
308GAR,CAB2071002020011017135055,Suisun Bay
307CMN,CAB2042004020020930194957,"San Leandro Bay (part of SF Bay, Lower)"
723STLD15,CAB2061001019980928100945,San Pablo Bay
802CL08,CAB1152200020020108171136,"Bodega HU, Bodega Harbor HA"
201WLK091,CAB3041205320080617164340,Santa Cruz Harbor
113GA2733,CAB2031201019981217171707,"San Francisco Bay, Central"
SMC01689,CAB2041001019980925131322,"San Francisco Bay, Lower"
315APC,CAB3041205320080617164340,Santa Cruz Harbor
114RRxxxx,CAB1100000020020108173626,"Eureka Plain HU, Humboldt Bay"
723STSDRN,CAB2051000019980916164839,"San Francisco Bay, South"
723ARINTL,CAB2042004020020930194957,"San Leandro Bay (part of SF Bay, Lower)"
SMC37632,CAB2051000019980916164839,"San Francisco Bay, South"
801S19486,CAB1152200020020108171136,"Bodega HU, Bodega Harbor HA"
309CHUCRR,CAB2061001019980928100945,San Pablo Bay
403WE0560,CAB2042004020020930194957,"San Leandro Bay (part of SF Bay, Lower)"
305LLA,CAB2042004020020930194957,"San Leandro Bay (part of SF Bay, Lower)"
13_SB_HILL,CAB1152200020020108171136,"Bodega HU, Bodega Harbor HA"
520XLSNKR,CAB3041205320080617164340,Santa Cruz Harbor
723ARDP6A,CAB2051000019980916164839,"San Francisco Bay, South"
305SAN,CAB2031201019981217171707,"San Francisco Bay, Central"
SMC02902,CAB2071002020011017135055,Suisun Bay
SMC05017,CAB1100000020020108173626,"Eureka Plain HU, Humboldt Bay"
106FS0040,CAB2041001019980925131322,"San Francisco Bay, Lower"
404S26868,CAB2061001019980928100945,San Pablo Bay
113GAR011,CAB2031201019981217171707,"San Francisco Bay, Central"
114RR8339,CAB2031201019981217171707,"San Francisco Bay, Central"
519SAC117,CAB2051000019980916164839,"San Francisco Bay, South"
405M10596,CAB2042004020020930194957,"San Leandro Bay (part of SF Bay, Lower)"
801AHG857,CAB1152200020020108171136,"Bodega HU, Bodega Harbor HA"
309ESP,CAB3041205320080617164340,Santa Cruz Harbor
ASBS-REF_NickelCreek,CAB2041001019980925131322,"San Francisco Bay, Lower"
205R01198,CAB2061001019980928100945,San Pablo Bay
535XWDAVR,CAB2031201019981217171707,"San Francisco Bay, Central"
719MISSCK,CAB2051000019980916164839,"San Francisco Bay, South"
103RW0319,CAB2071002020011017135055,Suisun Bay
SMC00574,CAB2041001019980925131322,"San Francisco Bay, Lower"
510SAC0D4,CAB2042004020020930194957,"San Leandro Bay (part of SF Bay, Lower)"
309ATS,CAB3041205320080617164340,Santa Cruz Harbor
205PER045,CAB2041001019980925131322,"San Francisco Bay, Lower"
SMC04524,CAB2071002020011017135055,Suisun Bay
113NA3269,CAB1152200020020108171136,"Bodega HU, Bodega Harbor HA"
902ADB848,CAB2031201019981217171707,"San Francisco Bay, Central"
558KWRSP1,CAB3041205320080617164340,Santa Cruz Harbor
105PS0090,CAB2061001019980928100945,San Pablo Bay
312CCC,CAB2011403319980929125721,Tomales Bay
551WWDCCH,CAB2041001019980925131322,"San Francisco Bay, Lower"
901S04409,CAB2051000019980916164839,"San Francisco Bay, South"
310AGF,CAB1152200020020108171136,"Bodega HU, Bodega Harbor HA"
309NAD,CAB2042004020020930194957,"San Leandro Bay (part of SF Bay, Lower)"
206NAP100,CAB2061001019980928100945,San Pablo Bay
207WAL020,CAB2011403319980929125721,Tomales Bay
723SSDS02,CAB3041205320080617164340,Santa Cruz Harbor
113GAR089,CAB2041001019980925131322,"San Francisco Bay, Lower"
308WLO,CAB2031201019981217171707,"San Francisco Bay, Central"
113GAR023,CAB3041205320080617164340,Santa Cruz Harbor
404S45622,CAB3041205320080617164340,Santa Cruz Harbor
SW-RC,CAB3041205320080617164340,Santa Cruz Harbor
CDR2_O,CAB1100000020020108173626,"Eureka Plain HU, Humboldt Bay"
OB,CAB2071002020011017135055,Suisun Bay
Markham_Auto,CAB2051000019980916164839,"San Francisco Bay, South"
801S08727,CAB3041205320080617164340,Santa Cruz Harbor
802NVO325,CAB2041001019980925131322,"San Francisco Bay, Lower"
HMS-Sea Water Comp,CAB2011403319980929125721,Tomales Bay
404S25298,CAB2031201019981217171707,"San Francisco Bay, Central"
06T_LONG2,CAB3041205320080617164340,Santa Cruz Harbor
ASBS-REF_KruseCreek,CAB2041001019980925131322,"San Francisco Bay, Lower"
Orange 43,CAB2051000019980916164839,"San Francisco Bay, South"
723KDRAIN,CAB2031201019981217171707,"San Francisco Bay, Central"
111SF1944,CAB2071002020011017135055,Suisun Bay
ASBS-TRI000_ORW,CAB2011403319980929125721,Tomales Bay
902S05173,CAB2061001019980928100945,San Pablo Bay
NRSP-SW01,CAB2041001019980925131322,"San Francisco Bay, Lower"
715CPVOD2,CAB2042004020020930194957,"San Leandro Bay (part of SF Bay, Lower)"
535XHCHNN,CAB1152200020020108171136,"Bodega HU, Bodega Harbor HA"
113GAR061,CAB1152200020020108171136,"Bodega HU, Bodega Harbor HA"
IA-RW-06,CAB2061001019980928100945,San Pablo Bay
105KL0330,CAB3041205320080617164340,Santa Cruz Harbor
309SBR,CAB2042004020020930194957,"San Leandro Bay (part of SF Bay, Lower)"
723OLANDR,CAB2031201019981217171707,"San Francisco Bay, Central"
310SLM,CAB2042004020020930194957,"San Leandro Bay (part of SF Bay, Lower)"
SM-TWAS-1b,CAB2042004020020930194957,"San Leandro Bay (part of SF Bay, Lower)"
CM-RW-10,CAB2042004020020930194957,"San Leandro Bay (part of SF Bay, Lower)"
205PER010,CAB2051000019980916164839,"San Francisco Bay, South"
SMC00608,CAB1152200020020108171136,"Bodega HU, Bodega Harbor HA"
802CL09,CAB2061001019980928100945,San Pablo Bay
907S03786,CAB2051000019980916164839,"San Francisco Bay, South"
309SAT,CAB2051000019980916164839,"San Francisco Bay, South"
315MIU,CAB2051000019980916164839,"San Francisco Bay, South"
207SNB008,CAB2031201019981217171707,"San Francisco Bay, Central"
309SMHR43,CAB2031201019981217171707,"San Francisco Bay, Central"
MB-TWAS-2,CAB2061001019980928100945,San Pablo Bay
723STLD05,CAB2051000019980916164839,"San Francisco Bay, South"
315MIS,CAB1100000020020108173626,"Eureka Plain HU, Humboldt Bay"
12-363,CAB1100000020020108173626,"Eureka Plain HU, Humboldt Bay"
723WUW12A,CAB2042004020020930194957,"San Leandro Bay (part of SF Bay, Lower)"
103DE5776,CAB3041205320080617164340,Santa Cruz Harbor
315JAL,CAB2031201019981217171707,"San Francisco Bay, Central"
106WE1079,CAB3041205320080617164340,Santa Cruz Harbor
544SJCD12,CAB2061001019980928100945,San Pablo Bay
304BRA,CAB2061001019980928100945,San Pablo Bay
306-CARNE-32,CAB1100000020020108173626,"Eureka Plain HU, Humboldt Bay"
404S16232,CAB1100000020020108173626,"Eureka Plain HU, Humboldt Bay"
902LMC778,CAB2031201019981217171707,"San Francisco Bay, Central"
114SR3438,CAB2071002020011017135055,Suisun Bay
310PRE,CAB2051000019980916164839,"San Francisco Bay, South"
203LOB030-REF,CAB2061001019980928100945,San Pablo Bay
520COL006,CAB2071002020011017135055,Suisun Bay
SMC01990,CAB2011403319980929125721,Tomales Bay
IA-RW-05,CAB2011403319980929125721,Tomales Bay
308LSR,CAB2031201019981217171707,"San Francisco Bay, Central"
206PET265,CAB3041205320080617164340,Santa Cruz Harbor
SMC09534_SGRRMP,CAB2011403319980929125721,Tomales Bay
541WWDPCB,CAB2061001019980928100945,San Pablo Bay
204ALP020,CAB2042004020020930194957,"San Leandro Bay (part of SF Bay, Lower)"
203PAC010-REC,CAB2051000019980916164839,"San Francisco Bay, South"
541MER535,CAB2041001019980925131322,"San Francisco Bay, Lower"
201WLK178,CAB1100000020020108173626,"Eureka Plain HU, Humboldt Bay"
SJRI_17,CAB2051000019980916164839,"San Francisco Bay, South"
404S26670,CAB2051000019980916164839,"San Francisco Bay, South"
544XTTHWT,CAB2051000019980916164839,"San Francisco Bay, South"
723STRDRN,CAB3041205320080617164340,Santa Cruz Harbor
201LAG125,CAB1100000020020108173626,"Eureka Plain HU, Humboldt Bay"
SDC-TWAS-2,CAB2041001019980925131322,"San Francisco Bay, Lower"
728SSGS09,CAB1152200020020108171136,"Bodega HU, Bodega Harbor HA"
801SAROCR,CAB2011403319980929125721,Tomales Bay
SMC03222,CAB2031201019981217171707,"San Francisco Bay, Central"
114RR1898,CAB2041001019980925131322,"San Francisco Bay, Lower"
845M10601_SGRRMP,CAB2051000019980916164839,"San Francisco Bay, South"
111WER008,CAB1152200020020108171136,"Bodega HU, Bodega Harbor HA"
531SJC504,CAB2031201019981217171707,"San Francisco Bay, Central"
304ARA,CAB2071002020011017135055,Suisun Bay
VI_BV-9,CAB2042004020020930194957,"San Leandro Bay (part of SF Bay, Lower)"
TCB,CAB2031201019981217171707,"San Francisco Bay, Central"
TJR-TWAS-1,CAB2042004020020930194957,"San Leandro Bay (part of SF Bay, Lower)"
310SSC,CAB2041001019980925131322,"San Francisco Bay, Lower"
906SDL062RW,CAB2031201019981217171707,"San Francisco Bay, Central"
ASBS-REF_MartinCreek,CAB2011403319980929125721,Tomales Bay
723UADSPC,CAB2041001019980925131322,"San Francisco Bay, Lower"
SMC01049,CAB2041001019980925131322,"San Francisco Bay, Lower"
306-CARNE-36,CAB2071002020011017135055,Suisun Bay
801MIC272,CAB2042004020020930194957,"San Leandro Bay (part of SF Bay, Lower)"
723NRBDRY,CAB1152200020020108171136,"Bodega HU, Bodega Harbor HA"
632ECR005,CAB3041205320080617164340,Santa Cruz Harbor
309TEH,CAB2061001019980928100945,San Pablo Bay
SMC16266,CAB1152200020020108171136,"Bodega HU, Bodega Harbor HA"
801RB8598,CAB2042004020020930194957,"San Leandro Bay (part of SF Bay, Lower)"
306ELKERD,CAB2071002020011017135055,Suisun Bay
204COR010,CAB2031201019981217171707,"San Francisco Bay, Central"
Contra Costa 33,CAB2011403319980929125721,Tomales Bay
306ELK,CAB2071002020011017135055,Suisun Bay
304APS,CAB2011403319980929125721,Tomales Bay
315MTC,CAB1100000020020108173626,"Eureka Plain HU, Humboldt Bay"
403S39062,CAB2051000019980916164839,"San Francisco Bay, South"
305FRA,CAB2011403319980929125721,Tomales Bay
404S35270,CAB2031201019981217171707,"San Francisco Bay, Central"
113WF0079,CAB2042004020020930194957,"San Leandro Bay (part of SF Bay, Lower)"
114SR2971,CAB3041205320080617164340,Santa Cruz Harbor
305UVA,CAB2041001019980925131322,"San Francisco Bay, Lower"
723STLD03,CAB2051000019980916164839,"San Francisco Bay, South"
312SME00L,CAB2071002020011017135055,Suisun Bay
723NRGNDN,CAB2051000019980916164839,"San Francisco Bay, South"
901S04565,CAB3041205320080617164340,Santa Cruz Harbor
52SCB,CAB2061001019980928100945,San Pablo Bay
1-338,CAB1100000020020108173626,"Eureka Plain HU, Humboldt Bay"
DC-65R,CAB1100000020020108173626,"Eureka Plain HU, Humboldt Bay"
114SR3184,CAB2061001019980928100945,San Pablo Bay
723IPHV10,CAB2031201019981217171707,"San Francisco Bay, Central"
113RP0051,CAB1100000020020108173626,"Eureka Plain HU, Humboldt Bay"
403R4S193,CAB1100000020020108173626,"Eureka Plain HU, Humboldt Bay"
404BA1128,CAB3041205320080617164340,Santa Cruz Harbor
SM_Broadway_Harvard,CAB2061001019980928100945,San Pablo Bay
Pre_North,CAB2051000019980916164839,"San Francisco Bay, South"
304GZR,CAB2031201019981217171707,"San Francisco Bay, Central"
Pre_Webster,CAB2061001019980928100945,San Pablo Bay
SMC13062,CAB1152200020020108171136,"Bodega HU, Bodega Harbor HA"
203CAR010-REC,CAB2011403319980929125721,Tomales Bay
SW-SB,CAB2071002020011017135055,Suisun Bay
207SNB010,CAB2011403319980929125721,Tomales Bay
801RB8594,CAB2051000019980916164839,"San Francisco Bay, South"
202MBY010-REF,CAB2042004020020930194957,"San Leandro Bay (part of SF Bay, Lower)"
801RB8312,CAB2071002020011017135055,Suisun Bay
106TR0008,CAB2031201019981217171707,"San Francisco Bay, Central"
OA-RW-08,CAB1152200020020108171136,"Bodega HU, Bodega Harbor HA"
206SAN010-REF,CAB2071002020011017135055,Suisun Bay
511XCCCPY,CAB2031201019981217171707,"San Francisco Bay, Central"
BVC-TWAS-1,CAB2071002020011017135055,Suisun Bay
01T_ODD3_ARN,CAB2042004020020930194957,"San Leandro Bay (part of SF Bay, Lower)"
504XPNCGR,CAB3041205320080617164340,Santa Cruz Harbor
207SNB003,CAB2031201019981217171707,"San Francisco Bay, Central"
TC-MLS-US,CAB2051000019980916164839,"San Francisco Bay, South"
SMC04682,CAB2041001019980925131322,"San Francisco Bay, Lower"
105KL2814,CAB2071002020011017135055,Suisun Bay
206SUS010,CAB2051000019980916164839,"San Francisco Bay, South"
DPM00P05,CAB2041001019980925131322,"San Francisco Bay, Lower"
304APT,CAB2061001019980928100945,San Pablo Bay
105KL6111,CAB2042004020020930194957,"San Leandro Bay (part of SF Bay, Lower)"
205FSH050,CAB1100000020020108173626,"Eureka Plain HU, Humboldt Bay"
519SAC124,CAB1100000020020108173626,"Eureka Plain HU, Humboldt Bay"
801S04471,CAB2071002020011017135055,Suisun Bay
SM_Colorado_Harvard,CAB2042004020020930194957,"San Leandro Bay (part of SF Bay, Lower)"
SP-RW-19,CAB1152200020020108171136,"Bodega HU, Bodega Harbor HA"
314SYC,CAB2042004020020930194957,"San Leandro Bay (part of SF Bay, Lower)"
713CRNVBD,CAB2061001019980928100945,San Pablo Bay
222Bristol,CAB2051000019980916164839,"San Francisco Bay, South"
315SMC,CAB3041205320080617164340,Santa Cruz Harbor
114PI5786,CAB2071002020011017135055,Suisun Bay
309SLQL69,CAB2061001019980928100945,San Pablo Bay
SMC04670,CAB2042004020020930194957,"San Leandro Bay (part of SF Bay, Lower)"
313SAI,CAB3041205320080617164340,Santa Cruz Harbor
203MON010-REC,CAB1100000020020108173626,"Eureka Plain HU, Humboldt Bay"
403S01728,CAB3041205320080617164340,Santa Cruz Harbor
06_SOMIS,CAB2031201019981217171707,"San Francisco Bay, Central"
2245Glassell,CAB2041001019980925131322,"San Francisco Bay, Lower"
902USM828,CAB1152200020020108171136,"Bodega HU, Bodega Harbor HA"
513XMDLCR,CAB2031201019981217171707,"San Francisco Bay, Central"
520XCOLDR,CAB1100000020020108173626,"Eureka Plain HU, Humboldt Bay"
114RR6273_SWAMP,CAB1100000020020108173626,"Eureka Plain HU, Humboldt Bay"
723VERDRN,CAB3041205320080617164340,Santa Cruz Harbor
310SRO,CAB2042004020020930194957,"San Leandro Bay (part of SF Bay, Lower)"
520COL004,CAB2061001019980928100945,San Pablo Bay
203SAN010-REF,CAB3041205320080617164340,Santa Cruz Harbor
521BUT203,CAB2031201019981217171707,"San Francisco Bay, Central"
103SM6897,CAB2031201019981217171707,"San Francisco Bay, Central"
312ORI,CAB2042004020020930194957,"San Leandro Bay (part of SF Bay, Lower)"
SMC04294,CAB2042004020020930194957,"San Leandro Bay (part of SF Bay, Lower)"
403S16332,CAB2031201019981217171707,"San Francisco Bay, Central"
310SLV,CAB1100000020020108173626,"Eureka Plain HU, Humboldt Bay"
306SAS,CAB1100000020020108173626,"Eureka Plain HU, Humboldt Bay"
308BSU,CAB1152200020020108171136,"Bodega HU, Bodega Harbor HA"
907S03210,CAB2042004020020930194957,"San Leandro Bay (part of SF Bay, Lower)"
204SAU030,CAB1152200020020108171136,"Bodega HU, Bodega Harbor HA"
903S06113,CAB2042004020020930194957,"San Leandro Bay (part of SF Bay, Lower)"
403S06139,CAB2011403319980929125721,Tomales Bay
205STE050,CAB2061001019980928100945,San Pablo Bay
114CCPOTV,CAB1152200020020108171136,"Bodega HU, Bodega Harbor HA"
403S06315,CAB2051000019980916164839,"San Francisco Bay, South"
723STLD08,CAB3041205320080617164340,Santa Cruz Harbor
403WE0535,CAB2041001019980925131322,"San Francisco Bay, Lower"
723VERDED,CAB2042004020020930194957,"San Leandro Bay (part of SF Bay, Lower)"
SalRiv2,CAB2011403319980929125721,Tomales Bay
723USDWBC,CAB2042004020020930194957,"San Leandro Bay (part of SF Bay, Lower)"
312ORB,CAB1152200020020108171136,"Bodega HU, Bodega Harbor HA"
723RICEDR,CAB1100000020020108173626,"Eureka Plain HU, Humboldt Bay"
705PCCPCP,CAB1100000020020108173626,"Eureka Plain HU, Humboldt Bay"
114RR5652,CAB2061001019980928100945,San Pablo Bay
PGC015,CAB3041205320080617164340,Santa Cruz Harbor
310CAN,CAB2061001019980928100945,San Pablo Bay
SMC02417,CAB2041001019980925131322,"San Francisco Bay, Lower"
205COY364,CAB1100000020020108173626,"Eureka Plain HU, Humboldt Bay"
113GAR010,CAB1100000020020108173626,"Eureka Plain HU, Humboldt Bay"
312NIP,CAB1100000020020108173626,"Eureka Plain HU, Humboldt Bay"
309SET,CAB2011403319980929125721,Tomales Bay
113GAR046,CAB2051000019980916164839,"San Francisco Bay, South"
12-362,CAB2051000019980916164839,"San Francisco Bay, South"
2245South,CAB2042004020020930194957,"San Leandro Bay (part of SF Bay, Lower)"
801RB8567,CAB2042004020020930194957,"San Leandro Bay (part of SF Bay, Lower)"
305SJN,CAB2071002020011017135055,Suisun Bay
LID-1,CAB2051000019980916164839,"San Francisco Bay, South"
901S04309,CAB3041205320080617164340,Santa Cruz Harbor
Post_Webster,CAB2071002020011017135055,Suisun Bay
310SRU,CAB1100000020020108173626,"Eureka Plain HU, Humboldt Bay"
315CAP,CAB3041205320080617164340,Santa Cruz Harbor
113GAR112,CAB2011403319980929125721,Tomales Bay
315ATA,CAB1100000020020108173626,"Eureka Plain HU, Humboldt Bay"
TDW,CAB3041205320080617164340,Santa Cruz Harbor
315GAV,CAB2042004020020930194957,"San Leandro Bay (part of SF Bay, Lower)"
531UDLTAJ,CAB2051000019980916164839,"San Francisco Bay, South"
SJRI_09,CAB1152200020020108171136,"Bodega HU, Bodega Harbor HA"
801S08183,CAB2071002020011017135055,Suisun Bay
312HUA,CAB1100000020020108173626,"Eureka Plain HU, Humboldt Bay"
723SPRDRN,CAB2061001019980928100945,San Pablo Bay
541MER531,CAB2031201019981217171707,"San Francisco Bay, Central"
403S07227,CAB3041205320080617164340,Santa Cruz Harbor
304SCM,CAB2031201019981217171707,"San Francisco Bay, Central"
Freeport,CAB2041001019980925131322,"San Francisco Bay, Lower"
404S27470,CAB2011403319980929125721,Tomales Bay
314SYI,CAB2071002020011017135055,Suisun Bay
403S01136,CAB2011403319980929125721,Tomales Bay
RICH,CAB2011403319980929125721,Tomales Bay
309BLA,CAB1152200020020108171136,"Bodega HU, Bodega Harbor HA"
SMC01413,CAB2041001019980925131322,"San Francisco Bay, Lower"
205PER070,CAB2041001019980925131322,"San Francisco Bay, Lower"
801RB8533,CAB1152200020020108171136,"Bodega HU, Bodega Harbor HA"
FH-RW-07,CAB2071002020011017135055,Suisun Bay
305COR,CAB1152200020020108171136,"Bodega HU, Bodega Harbor HA"
SMC02976,CAB2071002020011017135055,Suisun Bay
206PET310,CAB2071002020011017135055,Suisun Bay
723STODRN,CAB3041205320080617164340,Santa Cruz Harbor
904S12185,CAB2071002020011017135055,Suisun Bay
723ROSDRN,CAB2042004020020930194957,"San Leandro Bay (part of SF Bay, Lower)"
403S06660,CAB1152200020020108171136,"Bodega HU, Bodega Harbor HA"
114CE0131,CAB2011403319980929125721,Tomales Bay
304WAD,CAB2041001019980925131322,"San Francisco Bay, Lower"
531BCANAR,CAB2011403319980929125721,Tomales Bay
303BIG020-REF,CAB3041205320080617164340,Santa Cruz Harbor
7-407,CAB1100000020020108173626,"Eureka Plain HU, Humboldt Bay"
SMC04661,CAB3041205320080617164340,Santa Cruz Harbor
103STCNSR,CAB2042004020020930194957,"San Leandro Bay (part of SF Bay, Lower)"
404S32468,CAB2041001019980925131322,"San Francisco Bay, Lower"
SMC00670_SGRRMP,CAB2011403319980929125721,Tomales Bay
114RR4234,CAB1100000020020108173626,"Eureka Plain HU, Humboldt Bay"
801S03488,CAB3041205320080617164340,Santa Cruz Harbor
Pump Station 7,CAB2031201019981217171707,"San Francisco Bay, Central"
532ELD033,CAB1100000020020108173626,"Eureka Plain HU, Humboldt Bay"
SMC23495,CAB3041205320080617164340,Santa Cruz Harbor
309MER,CAB2011403319980929125721,Tomales Bay
845PS0011_SGRRMP,CAB2011403319980929125721,Tomales Bay
310PIS,CAB2041001019980925131322,"San Francisco Bay, Lower"
105EI0066,CAB1152200020020108171136,"Bodega HU, Bodega Harbor HA"
SMC16832,CAB1152200020020108171136,"Bodega HU, Bodega Harbor HA"
SMC06918,CAB2011403319980929125721,Tomales Bay
205ST0332,CAB3041205320080617164340,Santa Cruz Harbor
7-08,CAB2042004020020930194957,"San Leandro Bay (part of SF Bay, Lower)"
SMC19228,CAB2031201019981217171707,"San Francisco Bay, Central"
314SAL,CAB2051000019980916164839,"San Francisco Bay, South"
RSW-004,CAB2041001019980925131322,"San Francisco Bay, Lower"
315FRCMVU,CAB2051000019980916164839,"San Francisco Bay, South"
801STW085,CAB2071002020011017135055,Suisun Bay
Orange 28,CAB2031201019981217171707,"San Francisco Bay, Central"
113BU0067,CAB2031201019981217171707,"San Francisco Bay, Central"
403R4S211,CAB1100000020020108173626,"Eureka Plain HU, Humboldt Bay"
SP-RW-18,CAB2071002020011017135055,Suisun Bay
ESC-MLS,CAB2042004020020930194957,"San Leandro Bay (part of SF Bay, Lower)"
Santa Barbara 119,CAB2051000019980916164839,"San Francisco Bay, South"
723UADGUN,CAB1152200020020108171136,"Bodega HU, Bodega Harbor HA"
Monterey 58,CAB2051000019980916164839,"San Francisco Bay, South"
723NRRCDN,CAB2011403319980929125721,Tomales Bay
ASBS-REF_EpsaCreek,CAB2042004020020930194957,"San Leandro Bay (part of SF Bay, Lower)"
SDR-MLS,CAB2061001019980928100945,San Pablo Bay
202BUT020,CAB3041205320080617164340,Santa Cruz Harbor
114DC3277,CAB2051000019980916164839,"San Francisco Bay, South"
723STQDRN,CAB2042004020020930194957,"San Leandro Bay (part of SF Bay, Lower)"
723CTD3MA,CAB2042004020020930194957,"San Leandro Bay (part of SF Bay, Lower)"
113GAR178,CAB2011403319980929125721,Tomales Bay
723STUD02,CAB1152200020020108171136,"Bodega HU, Bodega Harbor HA"
309SAC,CAB2071002020011017135055,Suisun Bay
719TRMDSS,CAB2051000019980916164839,"San Francisco Bay, South"
312SMA,CAB2061001019980928100945,San Pablo Bay
723WUW11A,CAB2042004020020930194957,"San Leandro Bay (part of SF Bay, Lower)"
SMC00926,CAB2042004020020930194957,"San Leandro Bay (part of SF Bay, Lower)"
SMC04121,CAB1100000020020108173626,"Eureka Plain HU, Humboldt Bay"
114RR0898,CAB3041205320080617164340,Santa Cruz Harbor
OB-RW-16,CAB2071002020011017135055,Suisun Bay
315ABU,CAB2042004020020930194957,"San Leandro Bay (part of SF Bay, Lower)"
SMC02905,CAB1100000020020108173626,"Eureka Plain HU, Humboldt Bay"
633WFCT01,CAB2071002020011017135055,Suisun Bay
111WE1071,CAB2042004020020930194957,"San Leandro Bay (part of SF Bay, Lower)"
AvalonGWHT210604,CAB2071002020011017135055,Suisun Bay
723STPDRN,CAB1100000020020108173626,"Eureka Plain HU, Humboldt Bay"
307CMU,CAB2041001019980925131322,"San Francisco Bay, Lower"
719HOTCPF,CAB1100000020020108173626,"Eureka Plain HU, Humboldt Bay"
911S01142,CAB2051000019980916164839,"San Francisco Bay, South"
305THU,CAB1100000020020108173626,"Eureka Plain HU, Humboldt Bay"
801RB8396,CAB2051000019980916164839,"San Francisco Bay, South"
SLR-MLS,CAB2042004020020930194957,"San Leandro Bay (part of SF Bay, Lower)"
723SSPDRN,CAB1100000020020108173626,"Eureka Plain HU, Humboldt Bay"
105KL8064,CAB2042004020020930194957,"San Leandro Bay (part of SF Bay, Lower)"
723ARDP10,CAB2071002020011017135055,Suisun Bay
Orange 27,CAB2061001019980928100945,San Pablo Bay
SGUT501,CAB2071002020011017135055,Suisun Bay
204ALP075,CAB1100000020020108173626,"Eureka Plain HU, Humboldt Bay"
114RR8473,CAB2041001019980925131322,"San Francisco Bay, Lower"
CC-NF54,CAB2042004020020930194957,"San Leandro Bay (part of SF Bay, Lower)"
315BEL,CAB1152200020020108171136,"Bodega HU, Bodega Harbor HA"
404S13416,CAB2011403319980929125721,Tomales Bay
801S03971,CAB2061001019980928100945,San Pablo Bay
LPC-TWAS-1,CAB2071002020011017135055,Suisun Bay
IA-RW-04,CAB1100000020020108173626,"Eureka Plain HU, Humboldt Bay"
105KL9084,CAB3041205320080617164340,Santa Cruz Harbor
205STE021,CAB2061001019980928100945,San Pablo Bay
728SSGS02,CAB2061001019980928100945,San Pablo Bay
314SYN,CAB1100000020020108173626,"Eureka Plain HU, Humboldt Bay"
205LTC100,CAB1100000020020108173626,"Eureka Plain HU, Humboldt Bay"
105KL9073,CAB2071002020011017135055,Suisun Bay
531XDCAHF,CAB2042004020020930194957,"San Leandro Bay (part of SF Bay, Lower)"
LPC-TWAS-3,CAB2011403319980929125721,Tomales Bay
Post_Victory,CAB1152200020020108171136,"Bodega HU, Bodega Harbor HA"
203PEB010-REC,CAB3041205320080617164340,Santa Cruz Harbor
10_GATE,CAB2031201019981217171707,"San Francisco Bay, Central"
106TR6801,CAB1100000020020108173626,"Eureka Plain HU, Humboldt Bay"
715CPVLG1,CAB2051000019980916164839,"San Francisco Bay, South"
309HRT,CAB2011403319980929125721,Tomales Bay
SMC01881,CAB2011403319980929125721,Tomales Bay
114RR1159,CAB2061001019980928100945,San Pablo Bay
207SNB006,CAB2031201019981217171707,"San Francisco Bay, Central"
801PLC362,CAB3041205320080617164340,Santa Cruz Harbor
SDC-MLS,CAB2071002020011017135055,Suisun Bay
551WWDPCF,CAB2061001019980928100945,San Pablo Bay
723TI2DRN,CAB2071002020011017135055,Suisun Bay
114RR1599,CAB3041205320080617164340,Santa Cruz Harbor
801CYC114,CAB1152200020020108171136,"Bodega HU, Bodega Harbor HA"
114MW0020,CAB1152200020020108171136,"Bodega HU, Bodega Harbor HA"
OB-RW-17,CAB2042004020020930194957,"San Leandro Bay (part of SF Bay, Lower)"
544WSAWAV,CAB2041001019980925131322,"San Francisco Bay, Lower"
07T_DC_H,CAB2031201019981217171707,"San Francisco Bay, Central"
ME-CC,CAB2061001019980928100945,San Pablo Bay
802SWC270,CAB2031201019981217171707,"San Francisco Bay, Central"
403BA0027,CAB1100000020020108173626,"Eureka Plain HU, Humboldt Bay"
114SR0761_SWAMP,CAB2042004020020930194957,"San Leandro Bay (part of SF Bay, Lower)"
SMC08150,CAB2041001019980925131322,"San Francisco Bay, Lower"
558WRR208,CAB2041001019980925131322,"San Francisco Bay, Lower"
801RB8549,CAB1100000020020108173626,"Eureka Plain HU, Humboldt Bay"
723ARIDRN,CAB2042004020020930194957,"San Leandro Bay (part of SF Bay, Lower)"
723ARDP06,CAB2061001019980928100945,San Pablo Bay
Bioretention_Area,CAB2042004020020930194957,"San Leandro Bay (part of SF Bay, Lower)"
Veterans,CAB1100000020020108173626,"Eureka Plain HU, Humboldt Bay"
205STE070,CAB2042004020020930194957,"San Leandro Bay (part of SF Bay, Lower)"
106NF0015,CAB2041001019980925131322,"San Francisco Bay, Lower"
801RB8478,CAB1100000020020108173626,"Eureka Plain HU, Humboldt Bay"
406NALF_SCI_REC1,CAB2071002020011017135055,Suisun Bay
SMC01909,CAB1152200020020108171136,"Bodega HU, Bodega Harbor HA"
SJRI_04,CAB2061001019980928100945,San Pablo Bay
801S03111,CAB1152200020020108171136,"Bodega HU, Bodega Harbor HA"
404S44642,CAB2041001019980925131322,"San Francisco Bay, Lower"
CDR_Upstream,CAB1152200020020108171136,"Bodega HU, Bodega Harbor HA"
105IN1545,CAB2042004020020930194957,"San Leandro Bay (part of SF Bay, Lower)"
404S34120,CAB2061001019980928100945,San Pablo Bay
723STUD04,CAB2011403319980929125721,Tomales Bay
544RIAWSP,CAB1100000020020108173626,"Eureka Plain HU, Humboldt Bay"
406NALF_SCI_REF1,CAB2071002020011017135055,Suisun Bay
541MER554,CAB2011403319980929125721,Tomales Bay
PGC019,CAB2061001019980928100945,San Pablo Bay
541XLBCCC,CAB2031201019981217171707,"San Francisco Bay, Central"
114GV5331,CAB2011403319980929125721,Tomales Bay
SR-TWAS-1,CAB2071002020011017135055,Suisun Bay
802S37697,CAB2061001019980928100945,San Pablo Bay
BA30,CAB2011403319980929125721,Tomales Bay
114MW0930_SWAMP,CAB2071002020011017135055,Suisun Bay
113GR0241,CAB2031201019981217171707,"San Francisco Bay, Central"
801MFC100,CAB2031201019981217171707,"San Francisco Bay, Central"
107WER092,CAB2071002020011017135055,Suisun Bay
114MW4198,CAB2011403319980929125721,Tomales Bay
115SC6093,CAB2061001019980928100945,San Pablo Bay
723STUD01,CAB3041205320080617164340,Santa Cruz Harbor
SMC03510,CAB2042004020020930194957,"San Leandro Bay (part of SF Bay, Lower)"
628CRB001,CAB2042004020020930194957,"San Leandro Bay (part of SF Bay, Lower)"
304SL9,CAB2061001019980928100945,San Pablo Bay
408BA0836,CAB2071002020011017135055,Suisun Bay
544UIDABR,CAB2061001019980928100945,San Pablo Bay
SM_Idaho_Wellesley,CAB2071002020011017135055,Suisun Bay
Pre_Victory,CAB3041205320080617164340,Santa Cruz Harbor
309SDR,CAB1100000020020108173626,"Eureka Plain HU, Humboldt Bay"
SMC00198,CAB2061001019980928100945,San Pablo Bay
801S16169,CAB2042004020020930194957,"San Leandro Bay (part of SF Bay, Lower)"
SJRI_16,CAB1152200020020108171136,"Bodega HU, Bodega Harbor HA"
305LEA,CAB2011403319980929125721,Tomales Bay
205COY442,CAB1100000020020108173626,"Eureka Plain HU, Humboldt Bay"
315GAI,CAB2031201019981217171707,"San Francisco Bay, Central"
113SF2035,CAB1100000020020108173626,"Eureka Plain HU, Humboldt Bay"
103SM1917,CAB2011403319980929125721,Tomales Bay
CarmRiv1,CAB2061001019980928100945,San Pablo Bay
ASBS-REF_HardyCreek,CAB1100000020020108173626,"Eureka Plain HU, Humboldt Bay"
114WE0614,CAB1152200020020108171136,"Bodega HU, Bodega Harbor HA"
SMC00464_SGRRMP,CAB2041001019980925131322,"San Francisco Bay, Lower"
OR-TWAS-1,CAB2061001019980928100945,San Pablo Bay
SMC02145,CAB2061001019980928100945,San Pablo Bay
114RR8709,CAB3041205320080617164340,Santa Cruz Harbor
309GAB,CAB2061001019980928100945,San Pablo Bay
312CAV,CAB2071002020011017135055,Suisun Bay
113GAR087,CAB2041001019980925131322,"San Francisco Bay, Lower"
203PAC080-REC,CAB2041001019980925131322,"San Francisco Bay, Lower"
535XDCCHS,CAB3041205320080617164340,Santa Cruz Harbor
PGC025,CAB2051000019980916164839,"San Francisco Bay, South"
SMC09174,CAB2051000019980916164839,"San Francisco Bay, South"
309SEC,CAB2031201019981217171707,"San Francisco Bay, Central"
531SAC040,CAB1152200020020108171136,"Bodega HU, Bodega Harbor HA"
531XGIDLR,CAB2031201019981217171707,"San Francisco Bay, Central"
309SLCL96,CAB1152200020020108171136,"Bodega HU, Bodega Harbor HA"
801S04078,CAB2051000019980916164839,"San Francisco Bay, South"
315FRC,CAB2011403319980929125721,Tomales Bay
404S14952,CAB2051000019980916164839,"San Francisco Bay, South"
404R4S070,CAB3041205320080617164340,Santa Cruz Harbor
304SOU,CAB1152200020020108171136,"Bodega HU, Bodega Harbor HA"
406GoatHarbor,CAB2071002020011017135055,Suisun Bay
520XRARPP,CAB2042004020020930194957,"San Leandro Bay (part of SF Bay, Lower)"
402MAR010-REC,CAB2011403319980929125721,Tomales Bay
723STLD5A,CAB2051000019980916164839,"San Francisco Bay, South"
531XLTCJR,CAB2041001019980925131322,"San Francisco Bay, Lower"
SW-FA,CAB2031201019981217171707,"San Francisco Bay, Central"
723SSDS03,CAB2051000019980916164839,"San Francisco Bay, South"
111BN0329,CAB1152200020020108171136,"Bodega HU, Bodega Harbor HA"
113GAR110,CAB2011403319980929125721,Tomales Bay
315RSB,CAB1152200020020108171136,"Bodega HU, Bodega Harbor HA"
905S02561,CAB2042004020020930194957,"San Leandro Bay (part of SF Bay, Lower)"
719PLC115,CAB2061001019980928100945,San Pablo Bay
304LOR,CAB2042004020020930194957,"San Leandro Bay (part of SF Bay, Lower)"
404S28068,CAB1100000020020108173626,"Eureka Plain HU, Humboldt Bay"
203LOB020-REF,CAB1152200020020108171136,"Bodega HU, Bodega Harbor HA"
105KL2057,CAB2031201019981217171707,"San Francisco Bay, Central"
Sweany Cr Midway Rd,CAB2031201019981217171707,"San Francisco Bay, Central"
IB-RW-14,CAB2031201019981217171707,"San Francisco Bay, Central"
114EF0373,CAB2031201019981217171707,"San Francisco Bay, Central"
723NRFGDN,CAB2031201019981217171707,"San Francisco Bay, Central"
Peninsula-RW1,CAB2011403319980929125721,Tomales Bay
Alameda 15,CAB1100000020020108173626,"Eureka Plain HU, Humboldt Bay"
715CRIDU1,CAB2061001019980928100945,San Pablo Bay
204HTC951,CAB1152200020020108171136,"Bodega HU, Bodega Harbor HA"
SR-MLS,CAB2061001019980928100945,San Pablo Bay
901INTSC5,CAB1100000020020108173626,"Eureka Plain HU, Humboldt Bay"
403BA0136,CAB2011403319980929125721,Tomales Bay
107RE0437,CAB2042004020020930194957,"San Leandro Bay (part of SF Bay, Lower)"
406ItalianGardens,CAB2042004020020930194957,"San Leandro Bay (part of SF Bay, Lower)"
802RCF745,CAB2042004020020930194957,"San Leandro Bay (part of SF Bay, Lower)"
312MSD,CAB2071002020011017135055,Suisun Bay
801S19286,CAB1100000020020108173626,"Eureka Plain HU, Humboldt Bay"
6St,CAB2061001019980928100945,San Pablo Bay
312NIT,CAB3041205320080617164340,Santa Cruz Harbor
13_BELT,CAB1152200020020108171136,"Bodega HU, Bodega Harbor HA"
SMC04934,CAB3041205320080617164340,Santa Cruz Harbor
558DCR248,CAB2061001019980928100945,San Pablo Bay
SMC03929,CAB2031201019981217171707,"San Francisco Bay, Central"
06_UPLAND,CAB2061001019980928100945,San Pablo Bay
315SCC,CAB2051000019980916164839,"San Francisco Bay, South"
312CUT,CAB3041205320080617164340,Santa Cruz Harbor
203PAC040-REC,CAB2011403319980929125721,Tomales Bay
628MOJ002,CAB2031201019981217171707,"San Francisco Bay, Central"
SMC00288_SGRRMP,CAB2061001019980928100945,San Pablo Bay
305COR2,CAB1152200020020108171136,"Bodega HU, Bodega Harbor HA"
S04T_TAPO,CAB2041001019980925131322,"San Francisco Bay, Lower"
723TRIF3D,CAB2061001019980928100945,San Pablo Bay
ARCNW,CAB1100000020020108173626,"Eureka Plain HU, Humboldt Bay"
309TDW,CAB2011403319980929125721,Tomales Bay
315CRPNRR,CAB2061001019980928100945,San Pablo Bay
520COL005,CAB2011403319980929125721,Tomales Bay
728SSGS07,CAB3041205320080617164340,Santa Cruz Harbor
CDR3_O,CAB1152200020020108171136,"Bodega HU, Bodega Harbor HA"
309SAL00L,CAB2071002020011017135055,Suisun Bay
SLR-TWAS-2,CAB2071002020011017135055,Suisun Bay
SMC04806,CAB2031201019981217171707,"San Francisco Bay, Central"
310AGS,CAB2042004020020930194957,"San Leandro Bay (part of SF Bay, Lower)"
105LG0421,CAB3041205320080617164340,Santa Cruz Harbor
07D_HITCH_LEVEE_2,CAB2071002020011017135055,Suisun Bay
CDR_Downstream,CAB2051000019980916164839,"San Francisco Bay, South"
304ZAY,CAB2061001019980928100945,San Pablo Bay
SDR-TWAS-3,CAB1100000020020108173626,"Eureka Plain HU, Humboldt Bay"
304VAL,CAB2031201019981217171707,"San Francisco Bay, Central"
403WE0682,CAB2061001019980928100945,San Pablo Bay
723CENTD2,CAB2041001019980925131322,"San Francisco Bay, Lower"
801MIC034,CAB2041001019980925131322,"San Francisco Bay, Lower"
308MIL,CAB2011403319980929125721,Tomales Bay
511XWLSPL,CAB1100000020020108173626,"Eureka Plain HU, Humboldt Bay"
LAC-TWAS-1,CAB2061001019980928100945,San Pablo Bay
801RB8566,CAB1152200020020108171136,"Bodega HU, Bodega Harbor HA"
801S05383,CAB2071002020011017135055,Suisun Bay
312ORC,CAB2041001019980925131322,"San Francisco Bay, Lower"
BG20,CAB2042004020020930194957,"San Leandro Bay (part of SF Bay, Lower)"
312SMOC24,CAB1152200020020108171136,"Bodega HU, Bodega Harbor HA"
723IPYG46,CAB2061001019980928100945,San Pablo Bay
105SI0473,CAB3041205320080617164340,Santa Cruz Harbor
312GVT,CAB3041205320080617164340,Santa Cruz Harbor
105KL9990,CAB2042004020020930194957,"San Leandro Bay (part of SF Bay, Lower)"
112MA0903,CAB2051000019980916164839,"San Francisco Bay, South"
JA,CAB1100000020020108173626,"Eureka Plain HU, Humboldt Bay"
305WSA,CAB1100000020020108173626,"Eureka Plain HU, Humboldt Bay"
722ABSPPC,CAB1152200020020108171136,"Bodega HU, Bodega Harbor HA"
715CRPDDM,CAB2061001019980928100945,San Pablo Bay
312BCU,CAB1152200020020108171136,"Bodega HU, Bodega Harbor HA"
312SMSN74,CAB2011403319980929125721,Tomales Bay
403S06283,CAB2011403319980929125721,Tomales Bay
Post_North,CAB3041205320080617164340,Santa Cruz Harbor
723MUNDRN,CAB2051000019980916164839,"San Francisco Bay, South"
114FR0102,CAB2051000019980916164839,"San Francisco Bay, South"
845RB8633,CAB2071002020011017135055,Suisun Bay
801S01671,CAB2051000019980916164839,"San Francisco Bay, South"
309USA,CAB2061001019980928100945,San Pablo Bay
723TRI12D,CAB2051000019980916164839,"San Francisco Bay, South"
1793_Franklin_CB,CAB1152200020020108171136,"Bodega HU, Bodega Harbor HA"
801RB8197,CAB2042004020020930194957,"San Leandro Bay (part of SF Bay, Lower)"
4-346,CAB2031201019981217171707,"San Francisco Bay, Central"
SGUT504,CAB1152200020020108171136,"Bodega HU, Bodega Harbor HA"
CDR2_I,CAB1100000020020108173626,"Eureka Plain HU, Humboldt Bay"
304SLB,CAB2061001019980928100945,San Pablo Bay
315TCI,CAB2041001019980925131322,"San Francisco Bay, Lower"
SMC04134,CAB2071002020011017135055,Suisun Bay
ASBS-REF_AgateCreek,CAB1100000020020108173626,"Eureka Plain HU, Humboldt Bay"
110FR4642,CAB2031201019981217171707,"San Francisco Bay, Central"
River Mile 44,CAB2061001019980928100945,San Pablo Bay
7-428,CAB2011403319980929125721,Tomales Bay
103MO0858,CAB2011403319980929125721,Tomales Bay
907SDFOL1,CAB2031201019981217171707,"San Francisco Bay, Central"
520XGILSL,CAB3041205320080617164340,Santa Cruz Harbor
403CE0188,CAB2041001019980925131322,"San Francisco Bay, Lower"
801WE1008,CAB2042004020020930194957,"San Leandro Bay (part of SF Bay, Lower)"
105SH1452,CAB2011403319980929125721,Tomales Bay
520COL003,CAB2061001019980928100945,San Pablo Bay
315CRP,CAB2041001019980925131322,"San Francisco Bay, Lower"
309NAC,CAB2061001019980928100945,San Pablo Bay
114SR0761,CAB1100000020020108173626,"Eureka Plain HU, Humboldt Bay"
107RWCBHW,CAB2071002020011017135055,Suisun Bay
801RB8559,CAB2041001019980925131322,"San Francisco Bay, Lower"
715CRIDG1,CAB2061001019980928100945,San Pablo Bay
RS-1,CAB1152200020020108171136,"Bodega HU, Bodega Harbor HA"
801MLC069,CAB2051000019980916164839,"San Francisco Bay, South"
723RI3DRN,CAB1152200020020108171136,"Bodega HU, Bodega Harbor HA"
403S34646,CAB2011403319980929125721,Tomales Bay
404S44210,CAB2071002020011017135055,Suisun Bay
403R4S117,CAB1100000020020108173626,"Eureka Plain HU, Humboldt Bay"
309ALU,CAB2031201019981217171707,"San Francisco Bay, Central"
SMC00480_SGRRMP,CAB2061001019980928100945,San Pablo Bay
404S37670,CAB1100000020020108173626,"Eureka Plain HU, Humboldt Bay"
114RR9498,CAB2041001019980925131322,"San Francisco Bay, Lower"
207SNB007,CAB2011403319980929125721,Tomales Bay
405PS0036_SGRRMP,CAB2041001019980925131322,"San Francisco Bay, Lower"
801RB8494,CAB2011403319980929125721,Tomales Bay
901S06969,CAB2061001019980928100945,San Pablo Bay
541MER522,CAB1100000020020108173626,"Eureka Plain HU, Humboldt Bay"
801M15424,CAB1100000020020108173626,"Eureka Plain HU, Humboldt Bay"
Peninsula-RW2,CAB2071002020011017135055,Suisun Bay
309LOR,CAB2061001019980928100945,San Pablo Bay
CDR1_O,CAB2031201019981217171707,"San Francisco Bay, Central"
SGUT502_SGRRMP,CAB2041001019980925131322,"San Francisco Bay, Lower"
02D_BROOM,CAB2071002020011017135055,Suisun Bay
404S18250,CAB1100000020020108173626,"Eureka Plain HU, Humboldt Bay"
204ANO010-REF,CAB2042004020020930194957,"San Leandro Bay (part of SF Bay, Lower)"
PER070,CAB2011403319980929125721,Tomales Bay
304SVC,CAB1152200020020108171136,"Bodega HU, Bodega Harbor HA"
801M15414,CAB2051000019980916164839,"San Francisco Bay, South"
202PIL050,CAB2031201019981217171707,"San Francisco Bay, Central"
114RR1644,CAB1100000020020108173626,"Eureka Plain HU, Humboldt Bay"
105FS0428,CAB2051000019980916164839,"San Francisco Bay, South"
13TH_GST_SWCORNER_UC,CAB2061001019980928100945,San Pablo Bay
106SF0013,CAB2041001019980925131322,"San Francisco Bay, Lower"
PT_CGeo39,CAB2061001019980928100945,San Pablo Bay
801SAR151,CAB3041205320080617164340,Santa Cruz Harbor
403S02363,CAB2071002020011017135055,Suisun Bay
307CML,CAB3041205320080617164340,Santa Cruz Harbor
544UPRRID,CAB2031201019981217171707,"San Francisco Bay, Central"
719CVSCDR,CAB3041205320080617164340,Santa Cruz Harbor
519YBWAxx,CAB2051000019980916164839,"San Francisco Bay, South"
MB-TWAS-1,CAB2061001019980928100945,San Pablo Bay
7-369,CAB2042004020020930194957,"San Leandro Bay (part of SF Bay, Lower)"
01T_ODD2_DCH,CAB1100000020020108173626,"Eureka Plain HU, Humboldt Bay"
802CL10,CAB2011403319980929125721,Tomales Bay
302MBY010-REF,CAB2061001019980928100945,San Pablo Bay
551WWDCCC,CAB1152200020020108171136,"Bodega HU, Bodega Harbor HA"
2301Glassell,CAB2041001019980925131322,"San Francisco Bay, Lower"
207SNB005,CAB1152200020020108171136,"Bodega HU, Bodega Harbor HA"
312CUY,CAB1100000020020108173626,"Eureka Plain HU, Humboldt Bay"
723IMWLSB,CAB2041001019980925131322,"San Francisco Bay, Lower"
205STE063,CAB2042004020020930194957,"San Leandro Bay (part of SF Bay, Lower)"
901S06798,CAB2041001019980925131322,"San Francisco Bay, Lower"
801RB8254,CAB2011403319980929125721,Tomales Bay
309SAN,CAB2071002020011017135055,Suisun Bay
ME-VR2,CAB2011403319980929125721,Tomales Bay
404S45745,CAB2011403319980929125721,Tomales Bay
541MER542,CAB3041205320080617164340,Santa Cruz Harbor
801S06231,CAB2071002020011017135055,Suisun Bay
315CAU,CAB1100000020020108173626,"Eureka Plain HU, Humboldt Bay"
Monterey 50,CAB2071002020011017135055,Suisun Bay
201LAG050,CAB2011403319980929125721,Tomales Bay
519SAC115,CAB1100000020020108173626,"Eureka Plain HU, Humboldt Bay"
531XLCAJR,CAB2042004020020930194957,"San Leandro Bay (part of SF Bay, Lower)"
309KNG,CAB1152200020020108171136,"Bodega HU, Bodega Harbor HA"
1-323,CAB2031201019981217171707,"San Francisco Bay, Central"
315DOS,CAB3041205320080617164340,Santa Cruz Harbor
312BCD,CAB1152200020020108171136,"Bodega HU, Bodega Harbor HA"
05T_HONDO,CAB3041205320080617164340,Santa Cruz Harbor
481M15356,CAB2031201019981217171707,"San Francisco Bay, Central"
309TEM,CAB2051000019980916164839,"San Francisco Bay, South"
801MLC057,CAB2051000019980916164839,"San Francisco Bay, South"
520COL001,CAB3041205320080617164340,Santa Cruz Harbor
SDR-TWAS-2,CAB2061001019980928100945,San Pablo Bay
535XPFDCL,CAB2071002020011017135055,Suisun Bay
403CE0156,CAB2051000019980916164839,"San Francisco Bay, South"
601LVCV01,CAB1152200020020108171136,"Bodega HU, Bodega Harbor HA"
802SJR116,CAB2041001019980925131322,"San Francisco Bay, Lower"
206PET355,CAB2011403319980929125721,Tomales Bay
404S31468,CAB2041001019980925131322,"San Francisco Bay, Lower"
105KL7907,CAB1152200020020108171136,"Bodega HU, Bodega Harbor HA"
SM-TWAS-1a,CAB2031201019981217171707,"San Francisco Bay, Central"
205PER020,CAB2051000019980916164839,"San Francisco Bay, South"
105WLCABC,CAB2061001019980928100945,San Pablo Bay
SJRI_05,CAB1152200020020108171136,"Bodega HU, Bodega Harbor HA"
114MW3807,CAB2071002020011017135055,Suisun Bay
723NRRCD3,CAB2071002020011017135055,Suisun Bay
114RR7396,CAB2061001019980928100945,San Pablo Bay
305FUF,CAB2011403319980929125721,Tomales Bay
SMC01278_SGRRMP,CAB3041205320080617164340,Santa Cruz Harbor
SMC00382_SGRRMP,CAB2071002020011017135055,Suisun Bay
535LTHNKR,CAB1100000020020108173626,"Eureka Plain HU, Humboldt Bay"
801BRC184,CAB2061001019980928100945,San Pablo Bay
802LEE2,CAB2061001019980928100945,San Pablo Bay
111RSCAER,CAB2061001019980928100945,San Pablo Bay
Los Angeles 158,CAB2042004020020930194957,"San Leandro Bay (part of SF Bay, Lower)"
SLR-TWAS-1,CAB2041001019980925131322,"San Francisco Bay, Lower"
NRSP-SW02,CAB1152200020020108171136,"Bodega HU, Bodega Harbor HA"
723IPRF29,CAB1152200020020108171136,"Bodega HU, Bodega Harbor HA"
111HSCAER,CAB2041001019980925131322,"San Francisco Bay, Lower"
518XMFFGR,CAB2031201019981217171707,"San Francisco Bay, Central"
106TR1974,CAB2061001019980928100945,San Pablo Bay
801RB8448,CAB2042004020020930194957,"San Leandro Bay (part of SF Bay, Lower)"
408BA0036,CAB2071002020011017135055,Suisun Bay
304SLE,CAB3041205320080617164340,Santa Cruz Harbor
801RB8501,CAB2031201019981217171707,"San Francisco Bay, Central"
Los Angeles 205,CAB2042004020020930194957,"San Leandro Bay (part of SF Bay, Lower)"
723VAIL7D,CAB2041001019980925131322,"San Francisco Bay, Lower"
520BUT207,CAB2041001019980925131322,"San Francisco Bay, Lower"
315ANN,CAB2061001019980928100945,San Pablo Bay
113GAR118,CAB1100000020020108173626,"Eureka Plain HU, Humboldt Bay"
723STTDRN,CAB2031201019981217171707,"San Francisco Bay, Central"
520BUT201,CAB2041001019980925131322,"San Francisco Bay, Lower"
IA-RW-02,CAB2071002020011017135055,Suisun Bay
114MW3972,CAB2031201019981217171707,"San Francisco Bay, Central"
ASBS-REF_GreenwoodCreek,CAB2061001019980928100945,San Pablo Bay
114RR2899,CAB2041001019980925131322,"San Francisco Bay, Lower"
SB_Seascape Sur,CAB2061001019980928100945,San Pablo Bay
309GRN,CAB2051000019980916164839,"San Francisco Bay, South"
531SAC030,CAB2061001019980928100945,San Pablo Bay
535XMLAHO,CAB2071002020011017135055,Suisun Bay
306-CARNE-33A,CAB1152200020020108171136,"Bodega HU, Bodega Harbor HA"
Sacramento 88,CAB1152200020020108171136,"Bodega HU, Bodega Harbor HA"
537MAR204,CAB2042004020020930194957,"San Leandro Bay (part of SF Bay, Lower)"
405CE0280_SGRRMP,CAB1100000020020108173626,"Eureka Plain HU, Humboldt Bay"
723SCENTD,CAB2041001019980925131322,"San Francisco Bay, Lower"
201WLK150,CAB2071002020011017135055,Suisun Bay
306WAC,CAB2061001019980928100945,San Pablo Bay
723STLD14,CAB3041205320080617164340,Santa Cruz Harbor
723OASISD,CAB2011403319980929125721,Tomales Bay
PGC058,CAB2031201019981217171707,"San Francisco Bay, Central"
304BEP,CAB1100000020020108173626,"Eureka Plain HU, Humboldt Bay"
481S05856,CAB2051000019980916164839,"San Francisco Bay, South"
905S15201,CAB1152200020020108171136,"Bodega HU, Bodega Harbor HA"
114RR1325,CAB2042004020020930194957,"San Leandro Bay (part of SF Bay, Lower)"
103RW1599,CAB2011403319980929125721,Tomales Bay
719TPPSQH,CAB3041205320080617164340,Santa Cruz Harbor
723BRWLC1,CAB1152200020020108171136,"Bodega HU, Bodega Harbor HA"
110SMCATH,CAB2071002020011017135055,Suisun Bay
723ARGRB1,CAB2011403319980929125721,Tomales Bay
801RB8240,CAB2042004020020930194957,"San Leandro Bay (part of SF Bay, Lower)"
723NRDP02,CAB2061001019980928100945,San Pablo Bay
SMC02656_SGRRMP,CAB2011403319980929125721,Tomales Bay
CC-SD8(1),CAB1100000020020108173626,"Eureka Plain HU, Humboldt Bay"
306-CARNE-31,CAB2041001019980925131322,"San Francisco Bay, Lower"
305PJE00U,CAB2041001019980925131322,"San Francisco Bay, Lower"
305PAC,CAB2061001019980928100945,San Pablo Bay
723ARDP03,CAB3041205320080617164340,Santa Cruz Harbor
SMC01962,CAB2011403319980929125721,Tomales Bay
114GV3469,CAB2051000019980916164839,"San Francisco Bay, South"
551WWDAPG,CAB2031201019981217171707,"San Francisco Bay, Central"
205STE066,CAB2071002020011017135055,Suisun Bay
532ELD031,CAB2071002020011017135055,Suisun Bay
105FS0425,CAB2051000019980916164839,"San Francisco Bay, South"
114RR2940,CAB1100000020020108173626,"Eureka Plain HU, Humboldt Bay"
314SYF,CAB2051000019980916164839,"San Francisco Bay, South"
205STE060,CAB2042004020020930194957,"San Leandro Bay (part of SF Bay, Lower)"
305BRI,CAB1100000020020108173626,"Eureka Plain HU, Humboldt Bay"
S02T_TODD,CAB2071002020011017135055,Suisun Bay
110SA1720,CAB3041205320080617164340,Santa Cruz Harbor
309JON,CAB2061001019980928100945,San Pablo Bay
801STW258,CAB2042004020020930194957,"San Leandro Bay (part of SF Bay, Lower)"
07_HITCH,CAB1100000020020108173626,"Eureka Plain HU, Humboldt Bay"
801S01805,CAB3041205320080617164340,Santa Cruz Harbor
105IN2529,CAB1152200020020108171136,"Bodega HU, Bodega Harbor HA"
TC-MLS,CAB2071002020011017135055,Suisun Bay
305TRE,CAB2041001019980925131322,"San Francisco Bay, Lower"
315ROM,CAB3041205320080617164340,Santa Cruz Harbor
204ALP145,CAB3041205320080617164340,Santa Cruz Harbor
404S24066,CAB2071002020011017135055,Suisun Bay
723PEACHD,CAB2061001019980928100945,San Pablo Bay
531SAC041,CAB1152200020020108171136,"Bodega HU, Bodega Harbor HA"
308LIM,CAB2011403319980929125721,Tomales Bay
Nimbus,CAB2071002020011017135055,Suisun Bay
403S07024,CAB2042004020020930194957,"San Leandro Bay (part of SF Bay, Lower)"
S03T_BOULD,CAB2042004020020930194957,"San Leandro Bay (part of SF Bay, Lower)"
106HF0019,CAB2042004020020930194957,"San Leandro Bay (part of SF Bay, Lower)"
310ADC,CAB2051000019980916164839,"San Francisco Bay, South"
PGC040,CAB2051000019980916164839,"San Francisco Bay, South"
310COO,CAB2071002020011017135055,Suisun Bay
723NRSCHP,CAB2042004020020930194957,"San Leandro Bay (part of SF Bay, Lower)"
519YBWW2x,CAB2042004020020930194957,"San Leandro Bay (part of SF Bay, Lower)"
404S28270,CAB2011403319980929125721,Tomales Bay
719WWRI10,CAB2041001019980925131322,"San Francisco Bay, Lower"
LE-RW-21,CAB2031201019981217171707,"San Francisco Bay, Central"
SMC13402,CAB2042004020020930194957,"San Leandro Bay (part of SF Bay, Lower)"
308SAM,CAB2051000019980916164839,"San Francisco Bay, South"
723PMLEOD,CAB2042004020020930194957,"San Leandro Bay (part of SF Bay, Lower)"
Post_Norm,CAB2011403319980929125721,Tomales Bay
105IN3286,CAB1100000020020108173626,"Eureka Plain HU, Humboldt Bay"
205CAL018,CAB3041205320080617164340,Santa Cruz Harbor
308BSR,CAB2071002020011017135055,Suisun Bay
403S18093,CAB1100000020020108173626,"Eureka Plain HU, Humboldt Bay"
511XSSLIB,CAB3041205320080617164340,Santa Cruz Harbor
SMC11430,CAB2071002020011017135055,Suisun Bay
SMC01694,CAB1152200020020108171136,"Bodega HU, Bodega Harbor HA"
531XMRABR,CAB2011403319980929125721,Tomales Bay
723VAL2AD,CAB3041205320080617164340,Santa Cruz Harbor
305MUR,CAB2011403319980929125721,Tomales Bay
309POT,CAB1100000020020108173626,"Eureka Plain HU, Humboldt Bay"
309OLD,CAB2061001019980928100945,San Pablo Bay
535STC513,CAB1152200020020108171136,"Bodega HU, Bodega Harbor HA"
521BUT206,CAB1100000020020108173626,"Eureka Plain HU, Humboldt Bay"
206PET400,CAB2051000019980916164839,"San Francisco Bay, South"
310AGB,CAB2071002020011017135055,Suisun Bay
723REDHIL,CAB3041205320080617164340,Santa Cruz Harbor
PajRiv2,CAB2042004020020930194957,"San Leandro Bay (part of SF Bay, Lower)"
207SNB0D7,CAB2011403319980929125721,Tomales Bay
535XDSAGR,CAB1100000020020108173626,"Eureka Plain HU, Humboldt Bay"
IA-RW-03,CAB2042004020020930194957,"San Leandro Bay (part of SF Bay, Lower)"
105SC9823,CAB2042004020020930194957,"San Leandro Bay (part of SF Bay, Lower)"
312SME00U,CAB2051000019980916164839,"San Francisco Bay, South"
310TWB,CAB2041001019980925131322,"San Francisco Bay, Lower"
114RR2769,CAB3041205320080617164340,Santa Cruz Harbor
541WWDPC5,CAB1100000020020108173626,"Eureka Plain HU, Humboldt Bay"
114AU0318,CAB2041001019980925131322,"San Francisco Bay, Lower"
CR-46R,CAB2011403319980929125721,Tomales Bay
SP-RW-20,CAB2011403319980929125721,Tomales Bay
801S10259,CAB2042004020020930194957,"San Leandro Bay (part of SF Bay, Lower)"
545XDCARE,CAB1100000020020108173626,"Eureka Plain HU, Humboldt Bay"
309ALD,CAB1100000020020108173626,"Eureka Plain HU, Humboldt Bay"
113GAR015,CAB2071002020011017135055,Suisun Bay
3-407,CAB1100000020020108173626,"Eureka Plain HU, Humboldt Bay"
901S06851,CAB2031201019981217171707,"San Francisco Bay, Central"
801S02567,CAB2061001019980928100945,San Pablo Bay
902LTC777,CAB1152200020020108171136,"Bodega HU, Bodega Harbor HA"
113GAR062,CAB1152200020020108171136,"Bodega HU, Bodega Harbor HA"
114RR2678,CAB2051000019980916164839,"San Francisco Bay, South"
103WER030,CAB2041001019980925131322,"San Francisco Bay, Lower"
SMC03984,CAB2061001019980928100945,San Pablo Bay
802SJRGxx,CAB2042004020020930194957,"San Leandro Bay (part of SF Bay, Lower)"
112NF0585,CAB2061001019980928100945,San Pablo Bay
113GAR038,CAB3041205320080617164340,Santa Cruz Harbor
CDR1_I,CAB1152200020020108171136,"Bodega HU, Bodega Harbor HA"
801TMS746,CAB2042004020020930194957,"San Leandro Bay (part of SF Bay, Lower)"
3-408,CAB1100000020020108173626,"Eureka Plain HU, Humboldt Bay"
LPC-TWAS-2,CAB2031201019981217171707,"San Francisco Bay, Central"
535LTAETR,CAB2071002020011017135055,Suisun Bay
404S35418,CAB2061001019980928100945,San Pablo Bay
802SWC419,CAB2042004020020930194957,"San Leandro Bay (part of SF Bay, Lower)"
109MA1087,CAB2031201019981217171707,"San Francisco Bay, Central"
304RIV,CAB2051000019980916164839,"San Francisco Bay, South"
723IPVD69,CAB2031201019981217171707,"San Francisco Bay, Central"
103RDCBCC,CAB3041205320080617164340,Santa Cruz Harbor
06T_FC_BR,CAB2051000019980916164839,"San Francisco Bay, South"
201LAG320,CAB2071002020011017135055,Suisun Bay
309SLHR83,CAB2061001019980928100945,San Pablo Bay
723THIS5D,CAB2071002020011017135055,Suisun Bay
205COY450,CAB1152200020020108171136,"Bodega HU, Bodega Harbor HA"
532ELD043,CAB1152200020020108171136,"Bodega HU, Bodega Harbor HA"
723BARWDR,CAB3041205320080617164340,Santa Cruz Harbor
723BARBWD,CAB1100000020020108173626,"Eureka Plain HU, Humboldt Bay"
SMC00345,CAB3041205320080617164340,Santa Cruz Harbor
310TCC,CAB3041205320080617164340,Santa Cruz Harbor
206PET010,CAB2061001019980928100945,San Pablo Bay
114RR1041,CAB2042004020020930194957,"San Leandro Bay (part of SF Bay, Lower)"
304SCO,CAB1100000020020108173626,"Eureka Plain HU, Humboldt Bay"
535XMRSFD,CAB2061001019980928100945,San Pablo Bay
SM_Colorado_Berkeley,CAB2041001019980925131322,"San Francisco Bay, Lower"
110ECSLSF,CAB2051000019980916164839,"San Francisco Bay, South"
304SOK,CAB2041001019980925131322,"San Francisco Bay, Lower"
205SFQ800,CAB2042004020020930194957,"San Leandro Bay (part of SF Bay, Lower)"
SMC05146,CAB2042004020020930194957,"San Leandro Bay (part of SF Bay, Lower)"
J03P01u-sJ03,CAB2041001019980925131322,"San Francisco Bay, Lower"
535XMDDLP,CAB2041001019980925131322,"San Francisco Bay, Lower"
723NREVHU,CAB2051000019980916164839,"San Francisco Bay, South"
111TGCAER,CAB1152200020020108171136,"Bodega HU, Bodega Harbor HA"
403S02764,CAB2042004020020930194957,"San Leandro Bay (part of SF Bay, Lower)"
305PJP,CAB2011403319980929125721,Tomales Bay
404R4S089,CAB1152200020020108171136,"Bodega HU, Bodega Harbor HA"
802CL07,CAB2011403319980929125721,Tomales Bay
310SCN,CAB3041205320080617164340,Santa Cruz Harbor
719CVSC52,CAB2011403319980929125721,Tomales Bay
113AC3897,CAB2042004020020930194957,"San Leandro Bay (part of SF Bay, Lower)"
114SR3121,CAB2051000019980916164839,"San Francisco Bay, South"
14St,CAB2031201019981217171707,"San Francisco Bay, Central"
719WWRPUS,CAB1152200020020108171136,"Bodega HU, Bodega Harbor HA"
Sacramento 76,CAB1152200020020108171136,"Bodega HU, Bodega Harbor HA"
ME-SCR,CAB2051000019980916164839,"San Francisco Bay, South"
723STLD4A,CAB2051000019980916164839,"San Francisco Bay, South"
403R4S137,CAB3041205320080617164340,Santa Cruz Harbor
723SHWLS1,CAB2031201019981217171707,"San Francisco Bay, Central"
801SAR168,CAB2042004020020930194957,"San Leandro Bay (part of SF Bay, Lower)"
TJR-MLS,CAB2051000019980916164839,"San Francisco Bay, South"
SMC06794,CAB2011403319980929125721,Tomales Bay
4-342,CAB2042004020020930194957,"San Leandro Bay (part of SF Bay, Lower)"
SMC00428,CAB2042004020020930194957,"San Leandro Bay (part of SF Bay, Lower)"
315YSI,CAB1152200020020108171136,"Bodega HU, Bodega Harbor HA"
201WLK098,CAB2011403319980929125721,Tomales Bay
309SAL00U,CAB2042004020020930194957,"San Leandro Bay (part of SF Bay, Lower)"
544MSAJTR,CAB1152200020020108171136,"Bodega HU, Bodega Harbor HA"
S02T_ELLS,CAB2041001019980925131322,"San Francisco Bay, Lower"
723ARDP08,CAB2041001019980925131322,"San Francisco Bay, Lower"
719CVSCOT,CAB2071002020011017135055,Suisun Bay
403WE0534,CAB2031201019981217171707,"San Francisco Bay, Central"
OA-RW-09,CAB2042004020020930194957,"San Leandro Bay (part of SF Bay, Lower)"
802S25949,CAB2011403319980929125721,Tomales Bay
404S48200,CAB2051000019980916164839,"San Francisco Bay, South"
SMC03737,CAB2051000019980916164839,"San Francisco Bay, South"
315FRCMVD,CAB2051000019980916164839,"San Francisco Bay, South"
LE-RW-22,CAB1100000020020108173626,"Eureka Plain HU, Humboldt Bay"
723HLVLDR,CAB2061001019980928100945,San Pablo Bay
SMC00254,CAB2031201019981217171707,"San Francisco Bay, Central"
105SH9274,CAB1100000020020108173626,"Eureka Plain HU, Humboldt Bay"
11-335,CAB3041205320080617164340,Santa Cruz Harbor
01T_ODD3_EDI,CAB2061001019980928100945,San Pablo Bay
801RB8380,CAB2041001019980925131322,"San Francisco Bay, Lower"
801M15376,CAB2061001019980928100945,San Pablo Bay
105IN4395,CAB2071002020011017135055,Suisun Bay
205SFQ600,CAB2042004020020930194957,"San Leandro Bay (part of SF Bay, Lower)"
SDR-TWAS-1,CAB2011403319980929125721,Tomales Bay
SMR-MLS-2,CAB1152200020020108171136,"Bodega HU, Bodega Harbor HA"
204HTC952,CAB2011403319980929125721,Tomales Bay
204R01412,CAB1152200020020108171136,"Bodega HU, Bodega Harbor HA"
206PET130,CAB2051000019980916164839,"San Francisco Bay, South"
723STUD03,CAB1152200020020108171136,"Bodega HU, Bodega Harbor HA"
801RB8207,CAB2061001019980928100945,San Pablo Bay
AHC-MLS,CAB2031201019981217171707,"San Francisco Bay, Central"
SJRI_07,CAB2071002020011017135055,Suisun Bay
541XPSAIA,CAB2031201019981217171707,"San Francisco Bay, Central"
113GAR105,CAB2051000019980916164839,"San Francisco Bay, South"
723MAGDRN,CAB3041205320080617164340,Santa Cruz Harbor
303BIG010-REF,CAB2061001019980928100945,San Pablo Bay
305CHI,CAB2071002020011017135055,Suisun Bay
403S16978,CAB2051000019980916164839,"San Francisco Bay, South"
SMC05402,CAB2061001019980928100945,San Pablo Bay
521BUT204,CAB1152200020020108171136,"Bodega HU, Bodega Harbor HA"
SMC19552,CAB2042004020020930194957,"San Leandro Bay (part of SF Bay, Lower)"
105SC0083,CAB1100000020020108173626,"Eureka Plain HU, Humboldt Bay"
SMC00236,CAB3041205320080617164340,Santa Cruz Harbor
801CYC398,CAB2071002020011017135055,Suisun Bay
541SJC501,CAB2051000019980916164839,"San Francisco Bay, South"
